File,Type,OrigSize,CompSize,Ratio%,EncTime(ms),DecTime(ms),Correct,ShannonEntropy,MaxEntropy,RepetitionFactor
100.epub,LZW,2742273,3708869,135.25,44.984,32.812,true,7.9966,8.0000,0.1002
1023.epub,LZW,1004759,1309549,130.33,33.368,20.763,true,7.9741,8.0000,0.1178
10554.epub,LZW,244101,308438,126.36,4.541,4.592,true,7.9300,8.0000,0.1235
10676.epub,LZW,453192,594740,131.23,7.422,5.279,true,7.9783,8.0000,0.0765
1080.epub,LZW,78444,98475,125.54,1.309,0.913,true,7.9496,8.0000,0.0912
11.epub,LZW,137695,179505,130.36,2.211,1.572,true,7.9584,8.0000,0.0698
1184.epub,LZW,1307107,1766734,135.16,21.218,19.644,true,7.9966,8.0000,0.0616
12474.epub,LZW,104631,137466,131.38,1.712,1.215,true,7.9894,8.0000,0.0456
1250.epub,LZW,116121,136690,117.71,3.440,1.273,true,7.7878,8.0000,0.1715
1259.epub,LZW,738406,991597,134.29,15.237,10.283,true,7.9953,8.0000,0.0539
1260.epub,LZW,560264,754555,134.68,10.597,7.168,true,7.9968,8.0000,0.0391
13415.epub,LZW,241329,321609,133.27,5.434,2.830,true,7.9958,8.0000,0.0372
1342.epub,LZW,561017,746227,133.01,18.675,10.455,true,7.9766,8.0000,0.0602
1400.epub,LZW,557560,752447,134.95,8.982,6.881,true,7.9946,8.0000,0.0399
14323.epub,LZW,292990,376749,128.59,8.524,5.084,true,7.9371,8.0000,0.0798
145.epub,LZW,910127,1230692,135.22,22.064,19.259,true,7.9959,8.0000,0.0475
1513.epub,LZW,147239,197245,133.96,4.782,2.263,true,7.9765,8.0000,0.0303
158.epub,LZW,482734,633337,131.20,8.770,5.768,true,7.9715,8.0000,0.0703
16328.epub,LZW,222656,296492,133.16,3.742,2.619,true,7.9946,8.0000,0.0373
16389.epub,LZW,274236,367182,133.89,6.805,6.367,true,7.9892,8.0000,0.0329
164.epub,LZW,374042,501368,134.04,6.073,9.853,true,7.9938,8.0000,0.0432
1661.epub,LZW,313279,423486,135.18,5.033,3.677,true,7.9935,8.0000,0.0213
17157.epub,LZW,189230,255383,134.96,3.254,2.167,true,7.9933,8.0000,0.0216
174.epub,LZW,265430,354473,133.55,4.643,2.974,true,7.9898,8.0000,0.0388
17489.epub,LZW,360056,484129,134.46,7.630,6.304,true,7.9974,8.0000,0.0299
18857.epub,LZW,287786,371993,129.26,6.402,4.377,true,7.9491,8.0000,0.0757
1952.epub,LZW,87921,117124,133.22,1.499,1.060,true,7.9646,8.0000,0.0252
1998.epub,LZW,526627,620159,117.76,10.510,6.989,true,7.8329,8.0000,0.2017
200.epub,LZW,3486313,4748328,136.20,90.141,62.839,true,7.9987,8.0000,0.1075
2000.epub,LZW,951009,1289650,135.61,15.949,13.943,true,7.9977,8.0000,0.0411
21279.epub,LZW,70260,72187,102.74,1.135,0.786,true,7.4630,8.0000,0.2929
215.epub,LZW,157532,209670,133.10,2.680,1.925,true,7.9678,8.0000,0.0440
2160.epub,LZW,456296,615733,134.94,17.600,12.373,true,7.9975,8.0000,0.0315
22914.epub,LZW,408063,549763,134.73,9.459,5.353,true,7.9942,8.0000,0.0312
23692.epub,LZW,302619,406865,134.45,6.759,4.259,true,7.9969,8.0000,0.0273
24151.epub,LZW,88206,97841,110.92,1.808,1.880,true,7.6558,8.0000,0.2272
24571.epub,LZW,85211,95882,112.52,1.381,0.965,true,7.6637,8.0000,0.2201
25305.epub,LZW,271564,347199,127.85,4.656,3.235,true,7.9489,8.0000,0.0894
2542.epub,LZW,132492,160055,120.80,3.178,2.104,true,7.8321,8.0000,0.1424
2554.epub,LZW,655001,853430,130.29,16.822,9.333,true,7.9713,8.0000,0.0907
2591.epub,LZW,331581,439593,132.57,5.446,4.171,true,7.9888,8.0000,0.0584
2600.epub,LZW,1817456,2440111,134.26,36.982,20.629,true,7.9906,8.0000,0.1006
26184.epub,LZW,100362,128757,128.29,1.752,1.271,true,7.9095,8.0000,0.0620
26198.epub,LZW,327468,441015,134.67,5.253,3.677,true,7.9971,8.0000,0.0274
2641.epub,LZW,257073,341573,132.87,4.182,3.129,true,7.9794,8.0000,0.0366
2643.epub,LZW,172766,214994,124.44,2.845,2.096,true,7.8868,8.0000,0.1137
2701.epub,LZW,636151,860604,135.28,10.090,7.190,true,7.9967,8.0000,0.0343
2707.epub,LZW,448280,603458,134.62,7.172,5.081,true,7.9979,8.0000,0.0317
28054.epub,LZW,959183,1292858,134.79,17.176,12.063,true,7.9964,8.0000,0.0530
289.epub,LZW,244332,317798,130.07,4.813,2.933,true,7.9655,8.0000,0.0759
29418.epub,LZW,90287,102159,113.15,1.508,1.007,true,7.7041,8.0000,0.2025
3011.epub,LZW,293089,376467,128.45,4.925,3.510,true,7.9387,8.0000,0.0833
30254.epub,LZW,486682,656075,134.81,8.415,6.007,true,7.9939,8.0000,0.0291
308.epub,LZW,232158,308575,132.92,3.806,2.610,true,7.9759,8.0000,0.0335
31516.epub,LZW,74321,80469,108.27,1.226,0.826,true,7.5820,8.0000,0.2471
3186.epub,LZW,167932,223560,133.13,2.732,1.897,true,7.9941,8.0000,0.0330
3189.epub,LZW,333147,447886,134.44,5.365,3.818,true,7.9908,8.0000,0.0310
345.epub,LZW,437166,581973,133.12,7.326,4.954,true,7.9894,8.0000,0.0480
35.epub,LZW,163894,213935,130.53,2.729,1.904,true,7.9320,8.0000,0.0499
36034.epub,LZW,336080,452766,134.72,5.395,5.141,true,7.9972,8.0000,0.0271
37106.epub,LZW,560929,763223,136.06,9.716,6.377,true,7.9982,8.0000,0.0261
383.epub,LZW,123658,163700,132.38,2.009,1.434,true,7.9919,8.0000,0.0366
394.epub,LZW,248595,334931,134.73,4.041,2.910,true,7.9923,8.0000,0.0264
4085.epub,LZW,597638,802124,134.22,12.248,8.080,true,7.9951,8.0000,0.0489
41445.epub,LZW,272309,363230,133.39,4.383,3.040,true,7.9920,8.0000,0.1216
43.epub,LZW,143969,192794,133.91,2.293,1.603,true,7.9862,8.0000,0.0347
4300.epub,LZW,771194,1043140,135.26,12.291,8.794,true,7.9972,8.0000,0.0344
4352.epub,LZW,162572,216648,133.26,2.612,1.853,true,7.9940,8.0000,0.0345
46303.epub,LZW,413361,555056,134.28,7.391,5.210,true,7.9952,8.0000,0.0350
5197.epub,LZW,575098,778403,135.35,9.731,6.687,true,7.9966,8.0000,0.0317
5200.epub,LZW,121087,143602,118.59,2.155,1.348,true,7.8157,8.0000,0.1614
52026.epub,LZW,383339,516726,134.80,6.179,5.063,true,7.9955,8.0000,0.0278
5225.epub,LZW,320259,433770,135.44,6.600,5.028,true,7.9957,8.0000,0.0206
54279.epub,LZW,792762,1065094,134.35,13.200,9.496,true,7.9970,8.0000,0.0465
55231.epub,LZW,679390,912961,134.38,11.198,8.482,true,7.9967,8.0000,0.0418
5611.epub,LZW,219288,292405,133.34,4.386,8.000,true,7.9957,8.0000,0.0349
56812.epub,LZW,787377,1057498,134.31,20.951,12.554,true,7.9965,8.0000,0.0475
57333.epub,LZW,2582369,3512747,136.03,54.897,38.095,true,7.9981,8.0000,0.0861
580.epub,LZW,905968,1210747,133.64,18.204,11.919,true,7.9893,8.0000,0.0586
6130.epub,LZW,584973,776156,132.68,10.022,7.416,true,7.9796,8.0000,0.0549
62291.epub,LZW,779060,1042586,133.83,16.503,13.777,true,7.9953,8.0000,0.0492
64317.epub,LZW,182150,230024,126.28,3.002,2.131,true,7.9156,8.0000,0.1086
6593.epub,LZW,938046,1271050,135.50,37.719,20.395,true,7.9975,8.0000,0.0433
6761.epub,LZW,632075,845443,133.76,13.288,8.319,true,7.9874,8.0000,0.0534
67979.epub,LZW,358531,373542,104.19,5.801,3.930,true,7.5288,8.0000,0.2806
69087.epub,LZW,347762,413764,118.98,7.702,5.253,true,7.8509,8.0000,0.2131
7142.epub,LZW,541366,730492,134.93,17.374,8.216,true,7.9978,8.0000,0.0358
7255.epub,LZW,265698,355277,133.71,4.279,3.330,true,7.9970,8.0000,0.0331
73144.epub,LZW,355398,411541,115.80,5.289,4.015,true,7.6767,8.0000,0.1718
74.epub,LZW,290499,382970,131.83,4.661,3.326,true,7.9798,8.0000,0.0640
76.epub,LZW,363646,486301,133.73,7.372,5.576,true,7.9873,8.0000,0.0430
766.epub,LZW,977147,1267111,129.67,15.585,11.185,true,7.9693,8.0000,0.1078
768.epub,LZW,399597,522355,130.72,7.263,4.491,true,7.9619,8.0000,0.0695
84.epub,LZW,280508,372849,132.92,5.395,3.743,true,7.9947,8.0000,0.0473
844.epub,LZW,116644,154080,132.09,2.024,1.404,true,7.9923,8.0000,0.0403
8525.epub,LZW,85962,111054,129.19,1.542,1.050,true,7.9072,8.0000,0.0604
8800.epub,LZW,461462,614135,133.08,10.506,7.984,true,7.9820,8.0000,0.0703
9070.epub,LZW,121589,157417,129.47,2.570,1.727,true,7.9429,8.0000,0.0535
98.epub,LZW,450451,589063,130.77,7.247,5.439,true,7.9625,8.0000,0.0732
999.epub,LZW,188205,247732,131.63,2.971,2.121,true,7.9854,8.0000,0.0604
100.epub,Huffman,2742273,2743446,100.04,44.105,255.184,true,7.9966,8.0000,0.1002
1023.epub,Huffman,1004759,1004250,99.95,17.146,85.610,true,7.9741,8.0000,0.1178
10554.epub,Huffman,244101,243025,99.56,5.580,22.662,true,7.9300,8.0000,0.1235
10676.epub,Huffman,453192,452922,99.94,8.828,38.831,true,7.9783,8.0000,0.0765
1080.epub,Huffman,78444,78143,99.62,1.874,8.753,true,7.9496,8.0000,0.0912
11.epub,Huffman,137695,137315,99.72,4.206,24.713,true,7.9584,8.0000,0.0698
1184.epub,Huffman,1307107,1307603,100.04,27.233,104.728,true,7.9966,8.0000,0.0616
12474.epub,Huffman,104631,104625,99.99,1.668,8.764,true,7.9894,8.0000,0.0456
1250.epub,Huffman,116121,113436,97.69,2.336,9.659,true,7.7878,8.0000,0.1715
1259.epub,Huffman,738406,738590,100.02,11.331,58.049,true,7.9953,8.0000,0.0539
1260.epub,Huffman,560264,560497,100.04,8.907,42.403,true,7.9968,8.0000,0.0391
13415.epub,Huffman,241329,241429,100.04,3.742,19.657,true,7.9958,8.0000,0.0372
1342.epub,Huffman,561017,560790,99.96,8.756,48.341,true,7.9766,8.0000,0.0602
1400.epub,Huffman,557560,557661,100.02,8.861,43.641,true,7.9946,8.0000,0.0399
14323.epub,Huffman,292990,291256,99.41,17.656,41.558,true,7.9371,8.0000,0.0798
145.epub,Huffman,910127,910423,100.03,14.241,85.453,true,7.9959,8.0000,0.0475
1513.epub,Huffman,147239,147150,99.94,3.115,15.468,true,7.9765,8.0000,0.0303
158.epub,Huffman,482734,481757,99.80,9.911,47.066,true,7.9715,8.0000,0.0703
16328.epub,Huffman,222656,222730,100.03,3.486,17.332,true,7.9946,8.0000,0.0373
16389.epub,Huffman,274236,274216,99.99,4.666,28.188,true,7.9892,8.0000,0.0329
164.epub,Huffman,374042,374098,100.01,7.619,32.135,true,7.9938,8.0000,0.0432
1661.epub,Huffman,313279,313332,100.02,4.695,24.154,true,7.9935,8.0000,0.0213
17157.epub,Huffman,189230,189259,100.02,2.900,14.511,true,7.9933,8.0000,0.0216
174.epub,Huffman,265430,265361,99.97,4.755,21.110,true,7.9898,8.0000,0.0388
17489.epub,Huffman,360056,360208,100.04,5.331,27.348,true,7.9974,8.0000,0.0299
18857.epub,Huffman,287786,286506,99.56,4.894,24.016,true,7.9491,8.0000,0.0757
1952.epub,Huffman,87921,87811,99.87,1.920,8.257,true,7.9646,8.0000,0.0252
1998.epub,Huffman,526627,518569,98.47,13.735,42.462,true,7.8329,8.0000,0.2017
200.epub,Huffman,3486313,3487826,100.04,56.966,268.108,true,7.9987,8.0000,0.1075
2000.epub,Huffman,951009,951414,100.04,15.466,73.215,true,7.9977,8.0000,0.0411
21279.epub,Huffman,70260,65763,93.60,2.189,6.415,true,7.4630,8.0000,0.2929
215.epub,Huffman,157532,157217,99.80,2.964,15.036,true,7.9678,8.0000,0.0440
2160.epub,Huffman,456296,456488,100.04,7.833,40.913,true,7.9975,8.0000,0.0315
22914.epub,Huffman,408063,408171,100.03,6.816,34.889,true,7.9942,8.0000,0.0312
23692.epub,Huffman,302619,302746,100.04,4.792,22.403,true,7.9969,8.0000,0.0273
24151.epub,Huffman,88206,84802,96.14,2.175,7.193,true,7.6558,8.0000,0.2272
24571.epub,Huffman,85211,81987,96.22,2.070,6.526,true,7.6637,8.0000,0.2201
25305.epub,Huffman,271564,270406,99.57,4.309,21.680,true,7.9489,8.0000,0.0894
2542.epub,Huffman,132492,130186,98.26,2.577,10.695,true,7.8321,8.0000,0.1424
2554.epub,Huffman,655001,654439,99.91,11.141,52.727,true,7.9713,8.0000,0.0907
2591.epub,Huffman,331581,331538,99.99,4.974,26.555,true,7.9888,8.0000,0.0584
2600.epub,Huffman,1817456,1817471,100.00,27.602,140.119,true,7.9906,8.0000,0.1006
26184.epub,Huffman,100362,99635,99.28,2.510,8.540,true,7.9095,8.0000,0.0620
26198.epub,Huffman,327468,327607,100.04,4.873,25.255,true,7.9971,8.0000,0.0274
2641.epub,Huffman,257073,256960,99.96,3.988,20.568,true,7.9794,8.0000,0.0366
2643.epub,Huffman,172766,170791,98.86,3.125,13.765,true,7.8868,8.0000,0.1137
2701.epub,Huffman,636151,636385,100.04,12.115,53.843,true,7.9967,8.0000,0.0343
2707.epub,Huffman,448280,448474,100.04,6.595,33.678,true,7.9979,8.0000,0.0317
28054.epub,Huffman,959183,959583,100.04,18.216,75.847,true,7.9964,8.0000,0.0530
289.epub,Huffman,244332,243982,99.86,4.441,20.035,true,7.9655,8.0000,0.0759
29418.epub,Huffman,90287,87311,96.70,2.020,7.445,true,7.7041,8.0000,0.2025
3011.epub,Huffman,293089,291392,99.42,5.118,23.970,true,7.9387,8.0000,0.0833
30254.epub,Huffman,486682,486813,100.03,7.736,39.119,true,7.9939,8.0000,0.0291
308.epub,Huffman,232158,232058,99.96,3.887,20.333,true,7.9759,8.0000,0.0335
31516.epub,Huffman,74321,70750,95.20,2.011,6.084,true,7.5820,8.0000,0.2471
3186.epub,Huffman,167932,167968,100.02,2.819,13.940,true,7.9941,8.0000,0.0330
3189.epub,Huffman,333147,333153,100.00,6.625,34.803,true,7.9908,8.0000,0.0310
345.epub,Huffman,437166,437129,99.99,8.979,37.623,true,7.9894,8.0000,0.0480
35.epub,Huffman,163894,163166,99.56,3.428,13.276,true,7.9320,8.0000,0.0499
36034.epub,Huffman,336080,336224,100.04,4.976,25.586,true,7.9972,8.0000,0.0271
37106.epub,Huffman,560929,561175,100.04,10.500,45.307,true,7.9982,8.0000,0.0261
383.epub,Huffman,123658,123671,100.01,1.957,11.922,true,7.9919,8.0000,0.0366
394.epub,Huffman,248595,248628,100.01,3.704,19.287,true,7.9923,8.0000,0.0264
4085.epub,Huffman,597638,597773,100.02,10.519,46.452,true,7.9951,8.0000,0.0489
41445.epub,Huffman,272309,272315,100.00,5.359,25.103,true,7.9920,8.0000,0.1216
43.epub,Huffman,143969,143926,99.97,2.439,11.640,true,7.9862,8.0000,0.0347
4300.epub,Huffman,771194,771528,100.04,17.503,60.946,true,7.9972,8.0000,0.0344
4352.epub,Huffman,162572,162612,100.02,2.530,12.903,true,7.9940,8.0000,0.0345
46303.epub,Huffman,413361,413486,100.03,6.815,33.056,true,7.9952,8.0000,0.0350
5197.epub,Huffman,575098,575344,100.04,19.120,43.956,true,7.9966,8.0000,0.0317
5200.epub,Huffman,121087,118703,98.03,3.025,11.874,true,7.8157,8.0000,0.1614
52026.epub,Huffman,383339,383443,100.03,5.679,29.476,true,7.9955,8.0000,0.0278
5225.epub,Huffman,320259,320370,100.03,4.883,24.505,true,7.9957,8.0000,0.0206
54279.epub,Huffman,792762,793105,100.04,12.182,59.032,true,7.9970,8.0000,0.0465
55231.epub,Huffman,679390,679678,100.04,10.815,51.722,true,7.9967,8.0000,0.0418
5611.epub,Huffman,219288,219378,100.04,4.075,20.211,true,7.9957,8.0000,0.0349
56812.epub,Huffman,787377,787682,100.04,12.533,60.052,true,7.9965,8.0000,0.0475
57333.epub,Huffman,2582369,2583475,100.04,39.756,194.468,true,7.9981,8.0000,0.0861
580.epub,Huffman,905968,906044,100.01,13.720,70.190,true,7.9893,8.0000,0.0586
6130.epub,Huffman,584973,584178,99.86,8.877,45.919,true,7.9796,8.0000,0.0549
62291.epub,Huffman,779060,779277,100.03,14.442,70.121,true,7.9953,8.0000,0.0492
64317.epub,Huffman,182150,181014,99.38,3.895,14.594,true,7.9156,8.0000,0.1086
6593.epub,Huffman,938046,938433,100.04,14.100,70.928,true,7.9975,8.0000,0.0433
6761.epub,Huffman,632075,631961,99.98,11.568,49.587,true,7.9874,8.0000,0.0534
67979.epub,Huffman,358531,339946,94.82,9.781,26.804,true,7.5288,8.0000,0.2806
69087.epub,Huffman,347762,343072,98.65,12.130,33.840,true,7.8509,8.0000,0.2131
7142.epub,Huffman,541366,541598,100.04,10.425,46.807,true,7.9978,8.0000,0.0358
7255.epub,Huffman,265698,265809,100.04,4.423,21.513,true,7.9970,8.0000,0.0331
73144.epub,Huffman,355398,342905,96.48,7.748,27.624,true,7.6767,8.0000,0.1718
74.epub,Huffman,290499,290318,99.94,4.491,23.081,true,7.9798,8.0000,0.0640
76.epub,Huffman,363646,363549,99.97,7.085,32.423,true,7.9873,8.0000,0.0430
766.epub,Huffman,977147,975635,99.85,18.400,78.949,true,7.9693,8.0000,0.1078
768.epub,Huffman,399597,398349,99.69,8.024,33.495,true,7.9619,8.0000,0.0695
84.epub,Huffman,280508,280569,100.02,4.518,21.468,true,7.9947,8.0000,0.0473
844.epub,Huffman,116644,116654,100.01,1.882,9.006,true,7.9923,8.0000,0.0403
8525.epub,Huffman,85962,85349,99.29,2.208,7.106,true,7.9072,8.0000,0.0604
8800.epub,Huffman,461462,461185,99.94,8.498,40.392,true,7.9820,8.0000,0.0703
9070.epub,Huffman,121589,121229,99.70,3.649,10.844,true,7.9429,8.0000,0.0535
98.epub,Huffman,450451,449053,99.69,6.905,37.115,true,7.9625,8.0000,0.0732
999.epub,Huffman,188205,188135,99.96,3.391,16.290,true,7.9854,8.0000,0.0604
